State,Year,Installed - Bio-Mass Power,Installed - Small Hydro Power,Installed - Solar Power,Installed - Wind Power,Zone,Installed - Waste to Energy,Population,GSDP (crore INR)
Andaman And Nicobar Islands,2006,0,5.25,0.1,0,South,0,366589,3114.06
Andaman And Nicobar Islands,2007,0,5.25,0.1,1.1,South,0,369517,3114.06
Andaman And Nicobar Islands,2008,0,5.25,0.1,1.1,South,0,372344,3114.06
Andaman And Nicobar Islands,2009,0,5.25,0.1,0,South,0,375072,3114.06
Andaman And Nicobar Islands,2010,0,5.25,0.1,0,South,0,377699,3114.06
Andaman And Nicobar Islands,2011,0,5.25,0.01,0,South,0,380581,3100
Andaman And Nicobar Islands,2012,0,5.25,5.1,0,South,0,382605,3450
Andaman And Nicobar Islands,2013,0,5.25,5.1,0,South,0,384620,3920
Andaman And Nicobar Islands,2014,0,5.25,5.1,0,South,0,386629,4240
Andaman And Nicobar Islands,2015,0,5.25,5.1,0,South,0,389639,4650
Andaman And Nicobar Islands,2016,0,5.25,6.56,0,South,0,391652,5240
Andaman And Nicobar Islands,2017,0,5.25,6.56,0,South,0,393673,6020
Andaman And Nicobar Islands,2018,0,5.25,11.73,0,South,0,394698,6850
Andaman And Nicobar Islands,2019,0,5.25,12.19,0,South,0,396696,7400
Andaman And Nicobar Islands,2020,0,5.25,29.46,0,South,0,398703,7020
Andaman And Nicobar Islands,2021,0,5.25,29.49,0,South,0,399716,7820
Andaman And Nicobar Islands,2022,0,5.25,29.48878098,8.48E-05,South,0,401742,8780
Andaman And Nicobar Islands,2023,0,5.25,29.48878098,8.48E-05,South,0,402758,8761.05
Andaman And Nicobar Islands,2024,0,5.25,29.48878098,8.48E-05,South,0,403767,8761.05
Andhra Pradesh,2006,176.5779744,104.8330979,0.058615095,71.74487658,South,0,47362306,216140
Andhra Pradesh,2007,195.9209559,105.9936767,0.058615095,71.80349168,South,0,47842505,239372
Andhra Pradesh,2008,201.3721597,105.9936767,0.058615095,71.80349168,South,0,48305877,251431
Andhra Pradesh,2009,212.9193335,109.5105825,0.058615095,71.80349168,South,0,48752422,265140
Andhra Pradesh,2010,212.9193335,112.2068768,1.230917,112.2479074,South,0,49182141,282786
Andhra Pradesh,2011,212.9193335,127.681262,12.74878322,143.9293664,South,0,49627190,379402
Andhra Pradesh,2012,223.1769752,128.3846431,13.68662474,262.3904739,South,0,49988090,380629
Andhra Pradesh,2013,380.75,221.03,131.84,746.2,South,0,50348276,407115
Andhra Pradesh,2014,389.75,223.23,242.86,1032,South,0,50708495,444564
Andhra Pradesh,2015,380.75,232.98,572.96,1431.45,South,0,51067864,498606
Andhra Pradesh,2016,378.2,241.98,1867.23,3618.85,South,0,51428116,540212
Andhra Pradesh,2017,477.18,162.11,2195.46,3966.95,South,0,51713527,594737
Andhra Pradesh,2018,477.18,162.11,3085.68,4090.45,South,23.16,51997844,626614
Andhra Pradesh,2019,477.18,162.11,3610.02,4092.45,South,23.16,52282246,669783
Andhra Pradesh,2020,483.67,162.11,4291.34,4096.65,South,52.37,52566634,670321
Andhra Pradesh,2021,483.67,162.11,4386.76,4096.65,South,82.37,52851085,728931
Andhra Pradesh,2022,566.04,162.11,4386.76,4096.65,South,53.16,53037397,766700
Andhra Pradesh,2023,566.03,163.31,9360.18,4096.65,South,53.16,53222720,804470
Andhra Pradesh,2024,574.39,163.31,9419.33,4096.65,South,53.16,53408066,802778.75
Arunachal Pradesh,2006,0,45.24,0.02,0,North-East,0,1305858,2689
Arunachal Pradesh,2007,0,45.24,0.02,0,North-East,0,1321498,2860
Arunachal Pradesh,2008,0,45.24,0.02,0,North-East,0,1337065,3028
Arunachal Pradesh,2009,0,73.42,0.03,136.1,North-East,0,1352559,3198
Arunachal Pradesh,2010,0,78.84,0.03,0,North-East,0,1367980,3368
Arunachal Pradesh,2011,0,79.23,0.03,0,North-East,0,1383727,11063
Arunachal Pradesh,2012,0,103.91,0.03,0,North-East,0,1398621,11299
Arunachal Pradesh,2013,0,103.91,0.03,0,North-East,0,1413669,12339
Arunachal Pradesh,2014,0,104.61,0.03,0,North-East,0,1428691,14383
Arunachal Pradesh,2015,0,104.61,0.27,0,North-East,0,1443718,14240
Arunachal Pradesh,2016,0,104.61,0.27,0,North-East,0,1458671,14894
Arunachal Pradesh,2017,0,104.61,5.39,0,North-East,0,1473787,15573
Arunachal Pradesh,2018,0,131.11,5.39,0,North-East,0,1488715,16670
Arunachal Pradesh,2019,0,131.11,5.61,0,North-East,0,1503692,17946
Arunachal Pradesh,2020,0,131.11,10.16,0,North-East,0,1518750,18196
Arunachal Pradesh,2021,0,131.11,11.23,0,North-East,0,1532693,19214
Arunachal Pradesh,2022,11.23,131.11,11.22879219,0.000149466,North-East,0,1547753,20042
Arunachal Pradesh,2023,144.75,133.11,11.22879219,0.000149466,North-East,0,1561713,20870
Arunachal Pradesh,2024,144.9,133.11,11.22879219,0.000149466,North-East,0,1575754,20826.85938
Assam,2006,0,2.11,0,0,North-East,0,29083149,47502
Assam,2007,0,27.11,0,0,North-East,0,29515074,50222
Assam,2008,0,27.11,0,0,North-East,0,29941800,53319
Assam,2009,0,27.11,0,0,North-East,0,30363326,56702
Assam,2010,0,27.11,0,0,North-East,0,30779653,59611
Assam,2011,0,31.11,0,0,North-East,0,31205576,143175
Assam,2012,0,31.11,0,0,North-East,0,31597604,147342
Assam,2013,0,34.11,0,0,North-East,0,31990520,154525
Assam,2014,0,34.11,0,0,North-East,0,32382541,165212
Assam,2015,0,34.11,0,0,North-East,0,32775532,191109
Assam,2016,0,34.11,11.78,0,North-East,0,33167525,202081
Assam,2017,0,34.11,12.45,0,North-East,0,33542455,219919
Assam,2018,0,34.11,22.4,0,North-East,0,33917539,231040
Assam,2019,0,34.11,41.23,0,North-East,0,34292462,251924
Assam,2020,2,34.11,51.56,0,North-East,0,34667531,250923
Assam,2021,2,34.11,117.94,0,North-East,0,35042532,271041
Assam,2022,117.94,34.11,154.05,2,North-East,0,35377488,284735
Assam,2023,147.93,34.11,184.04,2,North-East,0,35712028,298428
Assam,2024,156.18,34.11,192.29,2,North-East,0,36046480,297780.9063
Bihar,2006,0,50.4,0,0,East,0,93685047,82394
Bihar,2007,0,50.4,0,0,East,0,95827040,89620
Bihar,2008,0,50.4,0,0,East,0,97944268,104491
Bihar,2009,0,54.6,0,0,East,0,100036729,109420
Bihar,2010,9.5,59.8,0,0,East,0,102104424,120469
Bihar,2011,15.5,64.3,0,0,East,0,104099452,247144
Bihar,2012,43.3,70.7,0,0,East,0,106115413,256851
Bihar,2013,0,70.7,0,0,East,0,108130389,269650
Bihar,2014,43.42,70.7,0,0,East,0,110145445,279482
Bihar,2015,43.42,70.7,5.1,0,East,0,112161564,296488
Bihar,2016,113,70.7,108.52,0,East,0,114176471,318797
Bihar,2017,121.2,70.7,142.45,0,East,0,115957558,344028
Bihar,2018,121.2,70.7,142.45,0,East,0,117739309,381383
Bihar,2019,121.2,70.7,151.57,0,East,0,119520382,409645
Bihar,2020,124.7,70.7,180.23,0,East,1,121302498,419883
Bihar,2021,124.7,70.7,190.63,0,East,1.32,123083582,435629
Bihar,2022,126.02,70.7,190.63,112.5,East,1.32,124919527,456228
Bihar,2023,126.02,70.7,389.6,112.5,East,1.32,126756673,476827
Bihar,2024,140.22,70.7,239.23,112.5,East,1.32,128592632,475828.3438
Chandigarh,2013,0,0,2,0,North,0,1088471,22105
Chandigarh,2014,0,0,4.5,0,North,0,1104480,22870
Chandigarh,2015,0,0,6.81,0,North,0,1120489,24932
Chandigarh,2016,0,0,17.32,0,North,0,1136499,26917
Chandigarh,2017,0,0,25.2,0,North,0,1151507,28480
Chandigarh,2018,0,0,34.71,0,North,0,1165520,29866
Chandigarh,2019,0,0,40.55,0,North,0,1179528,31545
Chandigarh,2020,0,0,45.97,0,North,0,1193534,28974
Chandigarh,2021,0,0,55.17,0,North,0,1208541,33084
Chandigarh,2022,0,0,55.16874313,0,North,0,1219546,34468
Chandigarh,2023,0,0,55.16874313,0,North,0,1231551,35851
Chandigarh,2024,0,0,55.16874313,0,North,0,1243555,35801.57422
Chhattisgarh,2006,113.3,18.05,0,0,Central,0,23349821,45164
Chhattisgarh,2007,146.3,18.05,0,0,Central,0,23797341,50451
Chhattisgarh,2008,156.1,18.05,0,0,Central,0,24239195,53886
Chhattisgarh,2009,199.9,19.05,0,0,Central,0,24675382,60080
Chhattisgarh,2010,231.9,19.05,0,0,Central,0,25105903,64441
Chhattisgarh,2011,249.9,20.25,4,0,Central,0,25545198,158074
Chhattisgarh,2012,249.9,52,4,0,Central,0,25950147,165977
Chhattisgarh,2013,264.9,52,7.1,0,Central,0,26356293,182579
Chhattisgarh,2014,264.9,52,7.6,0,Central,0,26761170,185813
Chhattisgarh,2015,279.9,52,93.58,0,Central,0,27166195,190584
Chhattisgarh,2016,228,76,128.86,0,Central,0,27571272,213705
Chhattisgarh,2017,230.5,76,231.35,0,Central,0,27956194,220136
Chhattisgarh,2018,230.5,76,231.35,0,Central,0,28340197,237695
Chhattisgarh,2019,244.5,76,231.35,0,Central,0,28724263,249875
Chhattisgarh,2020,244.9,76,445.21,0,Central,0.41,29109292,245452
Chhattisgarh,2021,274.59,76,518.08,0,Central,0.41,29493284,264168
Chhattisgarh,2022,275,76,518.08,272.09,Central,0.41,29836205,274927
Chhattisgarh,2023,275,76,1299.82,272.09,Central,0.41,30180262,285687
Chhattisgarh,2024,275,76,1530.39,272.09,Central,0.41,30524288,285029.3438
Delhi,2009,0,0,0.05,0,North,0,16050967,132692
Delhi,2010,0,0,2.14,0,North,0,16421805,144443
Delhi,2011,0,0,2.53,0,North,0,16787941,343798
Delhi,2012,0,0,2.56,0,North,0,17165937,366628
Delhi,2013,0,0,5.15,0,North,0,17543935,392908
Delhi,2014,0,0,5.47,0,North,0,17920927,428355
Delhi,2015,0,0,14.28,0,North,0,18298920,475623
Delhi,2016,0,0,40.27,0,North,0,18676910,511765
Delhi,2017,0,0,69.57,0,North,0,19055905,542015
Delhi,2018,0,0,126.89,0,North,52,19434898,565327
Delhi,2019,0,0,165.16,0,North,52,19813903,587316
Delhi,2020,0,0,194.43,0,North,52,20192895,564669
Delhi,2021,0,0,211.12,0,North,59,20570887,636903
Delhi,2022,0,0,211.1187897,0,North,58.99868393,20964868,665823
Delhi,2023,0,0,211.1187897,0,North,58.99868393,21358867,694744
Delhi,2024,0,0,211.1187897,0,North,58.99868393,21751870,692922.5625
Goa,2006,0,0.05,0,0,West,0,1398639,9923
Goa,2007,0,0.05,0,0,West,0,1410996,11028
Goa,2008,0,0.05,0,0,West,0,1423103,12133
Goa,2009,0,0.05,0,0,West,0,1434960,13238
Goa,2010,0,0.05,0,0,West,0,1446567,14343
Goa,2011,0,0.05,0,0,West,0,1458545,42367
Goa,2012,0,0.05,0,0,West,0,1468549,35850
Goa,2013,0,0.05,0,0,West,0,1479550,31568
Goa,2014,0,0.05,0,0,West,0,1490552,40116
Goa,2015,0,0.05,0,0,West,0,1500559,46091
Goa,2016,0,0.05,0.71,0,West,0,1511533,51249
Goa,2017,0,0.05,0.91,0,West,0,1520559,52653
Goa,2018,0,0.05,3.92,0,West,0,1530558,53063
Goa,2019,0,0.05,4.78,0,West,0.34,1539554,53100
Goa,2020,0,0.05,7.56,0,West,0.34,1548561,53960
Goa,2021,0,0.05,19.95,0,West,0.34,1558572,58513
Goa,2022,0.34,0.05,19.95,0.34,West,0,1566563,61418
Goa,2023,0.34,0.05,26.88,0.34,West,0,1574568,64322
Goa,2024,1.94,0.05,45.47,1.94,West,0,1582567,64177.52734
Gujarat,2006,0,7,0,636.6,West,0,55481263,189436
Gujarat,2007,0.5,7,0,1252.9,West,0,56482208,213092
Gujarat,2008,0.5,7,0,1566.5,West,0,57475959,228460
Gujarat,2009,0.5,12.6,0,1863.63,West,0,58462516,252528
Gujarat,2010,0.5,15.6,5,2176.43,West,0,59441879,272040
Gujarat,2011,20.5,15.6,604.89,2966.28,West,0,60439692,615606
Gujarat,2012,30.5,15.6,857.9,3174.58,West,0,61382696,682650
Gujarat,2013,43.9,15.6,916.4,3454.3,West,0,62326721,734284
Gujarat,2014,55.9,16.6,1000.05,3645,West,0,63270622,811428
Gujarat,2015,56.3,16.6,1119.17,4037.5,West,0,64213650,894465
Gujarat,2016,65.3,16.6,1249.37,5340.62,West,0,65157704,981342
Gujarat,2017,65.3,28.6,1588,5613.42,West,0,66083712,1086570
Gujarat,2018,77.3,61.3,2440.13,6073.07,West,0,67009696,1183020
Gujarat,2019,77.3,68.95,2948.37,7541.52,West,0,67935733,1268957
Gujarat,2020,77.3,82.69,4469.87,8561.82,West,22.57,68861713,1244258
Gujarat,2021,77.3,89.39,7180.03,9209.22,West,31.96,69787711,1276298
Gujarat,2022,109.26,89.39,7180.03,9209.22,West,7.5,70647672,1318883
Gujarat,2023,110.73,91.64,19435.85,9978.92,West,7.5,71506680,1361467
Gujarat,2024,112.48,91.64,25471.72,11722.72,West,7.5,72366697,1358385
Haryana,2006,6,62.7,0,0,North,0,23086277,94268
Haryana,2007,6,62.7,0,0,North,0,23546370,103244
Haryana,2008,6,62.7,0,0,North,0,24001385,111420
Haryana,2009,7.8,70.1,0,0,North,0,24451323,120407
Haryana,2010,35.8,70.1,0,0,North,0,24896182,128983
Haryana,2011,35.8,70.1,16.8,0,North,0,25351462,297539
Haryana,2012,45.3,70.1,7.8,0,North,0,25772506,320912
Haryana,2013,45.3,70.1,10.3,0,North,0,26193433,347507
Haryana,2014,52.3,71.5,12.8,0,North,0,26614464,370535
Haryana,2015,45.3,73.5,15.39,0,North,0,27034504,413405
Haryana,2016,96.4,73.5,81.4,0,North,0,27455494,456709
Haryana,2017,205.66,73.5,216.85,0,North,0,27861512,482036
Haryana,2018,205.66,73.5,224.52,0,North,0,28266508,524171
Haryana,2019,205.66,73.5,252.14,0,North,0,28672496,566034
Haryana,2020,210.66,73.5,472.26,0,North,6.09,29077505,536226
Haryana,2021,240.66,73.5,910.63,0,North,17.34,29483502,581034
Haryana,2022,258,73.5,910.63,151.4,North,11.2,29846518,606286
Haryana,2023,259.43,73.5,1362.09,151.4,North,11.2,30209554,631539
Haryana,2024,283.7,73.5,1832.92,151.4,North,11.2,30573527,629641.25
Himachal Pradesh,2006,0,141.62,0,0,North,0,6514077,22843
Himachal Pradesh,2007,0,162.62,0,0,North,0,6587923,24800
Himachal Pradesh,2008,0,162.62,0,0,North,0,6659558,26646
Himachal Pradesh,2009,0,330.32,0,0,North,0,6728982,28632
Himachal Pradesh,2010,0,393.47,0,0,North,0,6796196,30534
Himachal Pradesh,2011,0,527.66,0,0,North,0,6864602,72720
Himachal Pradesh,2012,0,587.91,0,0,North,0,6922419,77384
Himachal Pradesh,2013,0,638.91,0,0,North,0,6981545,82847
Himachal Pradesh,2014,0,723.91,0,0,North,0,7040471,89060
Himachal Pradesh,2015,0,793.31,0.2,0,North,0,7099458,96274
Himachal Pradesh,2016,0,831.81,0.73,0,North,0,7157477,103055
Himachal Pradesh,2017,7.2,853.11,0.73,0,North,0,7205582,109406
Himachal Pradesh,2018,7.2,860.61,22.68,0,North,0,7252477,116411
Himachal Pradesh,2019,7.2,911.51,32.93,0,North,0,7299547,121168
Himachal Pradesh,2020,9.2,936.11,50.28,0,North,1,7346551,114814
Himachal Pradesh,2021,9.2,954.11,76.16,0,North,1,7393466,120279
Himachal Pradesh,2022,10.2,954.11,76.16,9.2,North,0,7430491,126744
Himachal Pradesh,2023,10.2,969.71,1067.4,9.2,North,0,7467437,133209
Himachal Pradesh,2024,10.2,969.71,1075.14,9.2,North,0,7504551,132829.5625
Jammu And Kashmir,2006,0,111.83,0,0,North,0,11572779,78609.74
Jammu And Kashmir,2007,0,109.3725011,0,0,North,0,11718343,78609.74
Jammu And Kashmir,2008,0,111.83,0,0,North,0,11860634,78609.74
Jammu And Kashmir,2009,0,129.33,0,0,North,0,11999655,78609.74
Jammu And Kashmir,2010,0,129.33,0,0,North,0,12135404,78609.74
Jammu And Kashmir,2011,0,130.53,0,0,North,0,12267013,78256
Jammu And Kashmir,2012,0,130.53,0,0,North,0,12392989,87138
Jammu And Kashmir,2013,0,147.53,0,0,North,0,12519041,95621
Jammu And Kashmir,2014,0,156.53,0,0,North,0,12645057,98367
Jammu And Kashmir,2015,0,156.53,1,0,North,0,12771015,117168
Jammu And Kashmir,2016,0,158.03,1.36,0,North,0,12897023,124848
Jammu And Kashmir,2017,0,179.03,1.36,0,North,0,12999005,139709
Jammu And Kashmir,2018,0,179.03,14.83,0,North,0,13100987,159859
Jammu And Kashmir,2019,0,180.48,19.3,0,North,0,13203047,164103
Jammu And Kashmir,2020,0,185.98,42.13,0,North,0,13305032,167793
Jammu And Kashmir,2021,0,184.32,54.73,0,North,0,13408055,188561
Jammu And Kashmir,2022,46.93,144.68,191.61,0,North,0,13505050,220204
Jammu And Kashmir,2023,49.44,146.68,196.12,0,North,0,13603029,241133
Jammu And Kashmir,2024,65.44,169.93,235.37,0,North,0,13701069,240580.56
Jharkhand,2006,0,4.05,0,0,East,0,30003235,48780
Jharkhand,2007,0,4.05,0,0,East,0,30610357,51794
Jharkhand,2008,0,4.05,0,0,East,0,31211209,54655
Jharkhand,2009,0,4.05,0,0,East,0,31805792,60555
Jharkhand,2010,0,4.05,0,0,East,0,32394103,64698
Jharkhand,2011,0,4.05,4,0,East,0,32988134,150918
Jharkhand,2012,0,4.05,16,0,East,0,33551056,163250
Jharkhand,2013,0,4.05,16,0,East,0,34113143,165816
Jharkhand,2014,0,4.05,16,0,East,0,34675133,186534
Jharkhand,2015,0,4.05,16.19,0,East,0,35238057,174881
Jharkhand,2016,0,4.05,23.27,0,East,0,35800112,193174
Jharkhand,2017,4.3,4.05,25.67,0,East,0,36334090,210587
Jharkhand,2018,4.3,4.05,34.95,0,East,0,36869176,229274
Jharkhand,2019,4.3,4.05,38.4,0,East,0,37403038,238395
Jharkhand,2020,4.3,4.05,69.86,0,East,0,37937209,227082
Jharkhand,2021,4.3,4.05,88.79,0,East,0,38471165,242658
Jharkhand,2022,4.3,4.05,97.14,4.3,East,0,38969183,258234
Jharkhand,2023,4.3,4.05,114.19,4.3,East,0,39466197,273810
Jharkhand,2024,19.1,4.05,185.55,19.1,East,0,39963170,273037.7188
Karnataka,2006,254.28,416.5,0,821.1,South,0,57434739,152794
Karnataka,2007,262.28,464,0,1011.4,South,0,58201551,171984
Karnataka,2008,294.18,464,0,1327.4,South,0,58948027,179809
Karnataka,2009,336.18,640.45,6,1472.8,South,0,59674168,189773
Karnataka,2010,365.18,783.35,6,1726.85,South,0,60379974,203281
Karnataka,2011,441.18,882.45,9,1933.5,South,0,61095297,606010
Karnataka,2012,491.38,963.76,14,2135.15,South,0,61722089,649673
Karnataka,2013,603.28,1031.66,31,2318.2,South,0,62349108,711313
Karnataka,2014,664.28,1129.73,77.22,2638,South,0,62975146,748429
Karnataka,2015,872.18,1217.73,145.46,2869.15,South,0,63602172,831330
Karnataka,2016,1452,1225.73,1027.84,3751.4,South,0,64229098,941774
Karnataka,2017,1768.8,1230.73,4944.12,4608.4,South,0,64752162,1019708
Karnataka,2018,1798.8,1254.73,6095.56,4694.9,South,1,65275228,1082614
Karnataka,2019,1881.8,1280.73,7277.93,4790.6,South,1,65798192,1149829
Karnataka,2020,1887.3,1280.73,7383.88,4938.6,South,14.62,66322284,1143873
Karnataka,2021,1887.3,1280.73,7590.81,5130.9,South,14.85,66845196,1170445
Karnataka,2022,1902.15,1280.73,7590.81,5130.9,South,1,67268150,1197017
Karnataka,2023,1902.15,1280.73,16719.23,5294.95,South,1,67692150,1223588
Karnataka,2024,1907.72,1280.73,17752.74,6019.61,South,19.42,68115063,1221552.625
Kerala,2006,0,98.12,0.02,2,South,0,32003564,115103
Kerala,2007,0,123.12,0.02,10.5,South,0,32300799,126378
Kerala,2008,0,123.12,0.02,27,South,0,32588651,135202
Kerala,2009,0,133.87,0.03,27.75,South,0,32867120,145660
Kerala,2010,0,136.87,0.03,35,South,0,33136208,155709
Kerala,2011,0,149.67,0.84,35.1,South,0,33406061,364048
Kerala,2012,0,158.42,0.03,35.1,South,0,33641051,387693
Kerala,2013,0,158.42,0.03,35.2,South,0,33875038,402781
Kerala,2014,0,168.92,0.03,35,South,0,34109031,419956
Kerala,2015,0,198.92,13.05,43.5,South,0,34344028,451210
Kerala,2016,0,213.02,74.2,51.5,South,0,34578021,485302
Kerala,2017,0.72,219.02,107.94,52.5,South,0,34760981,516190
Kerala,2018,0.72,222.02,138.59,52.5,South,0,34942988,554228
Kerala,2019,0.72,222.02,142.23,62.5,South,0,35124972,566523
Kerala,2020,2.27,230.02,277.4,62.5,South,0.23,35306961,514400
Kerala,2021,2.27,242.52,363.18,62.5,South,0.23,35488980,551787
Kerala,2022,2.5,242.52,363.18,62.5,South,0.23,35632960,589174
Kerala,2023,2.5,266.52,1092.95,62.5,South,0.23,35775941,626560
Kerala,2024,2.5,276.52,1365.31,63.5,South,0.23,35919969,624511
Lakshadweep,2006,0,0,0.75,0,South,0,61544,270.78
Lakshadweep,2007,0,0,0.76,0,South,0,62231,270.78
Lakshadweep,2008,0,0,0.76,0,South,0,62889,270.78
Lakshadweep,2009,0,0,0.75,0,South,0,63517,270.78
Lakshadweep,2010,0,0,0.75,0,South,0,64115,270.78
Lakshadweep,2011,0,0,0.75,0,South,0,64473,270
Lakshadweep,2012,0,0,0.75,0,South,0,65476,290
Lakshadweep,2013,0,0,0.75,0,South,0,65469,310
Lakshadweep,2014,0,0,0.75,0,South,0,66472,330
Lakshadweep,2015,0,0,0.75,0,South,0,66468,360
Lakshadweep,2016,0,0,0.71,0,South,0,67471,390
Lakshadweep,2017,0,0,0.75,0,South,0,67464,430
Lakshadweep,2018,0,0,0.75,0,South,0,67459,470
Lakshadweep,2019,0,0,0.75,0,South,0,68464,510
Lakshadweep,2020,0,0,3.27,0,South,0,68462,490
Lakshadweep,2021,0,0,3.27,0,South,0,68458,540
Lakshadweep,2022,0,0,0,0,South,0,68454,600
Lakshadweep,2023,0,0,0,0,South,0,69462,598.88
Lakshadweep,2024,0,0,0,0,South,0,69459,598.88
Madhya Pradesh,2006,1,51.16,0.1,57.3,Central,0,65909683,101627
Madhya Pradesh,2007,1,71.16,0.1,187.7,Central,0,67285926,108376
Madhya Pradesh,2008,1,71.16,0.1,212.8,Central,0,68642234,117772
Madhya Pradesh,2009,1,71.16,0.1,229.4,Central,0,69978608,127896
Madhya Pradesh,2010,1,86.16,0.1,275.9,Central,0,71295048,135969
Madhya Pradesh,2011,8.5,86.16,2.1,376.4,Central,0,72626809,315562
Madhya Pradesh,2012,16,86.16,37.32,386,Central,0,73862651,351683
Madhya Pradesh,2013,26,86.16,347.17,423.4,Central,0,75098904,365134
Madhya Pradesh,2014,36,86.16,558.58,880,Central,0,76333796,383944
Madhya Pradesh,2015,35,86.16,776.37,2141.1,Central,0,77569857,418736
Madhya Pradesh,2016,93,86.16,857.04,2497.79,Central,0,78805728,470669
Madhya Pradesh,2017,105.35,86.16,1305.35,2519.89,Central,0,79947667,497102
Madhya Pradesh,2018,105.35,95.91,1840.16,2519.89,Central,15.4,81089876,543235
Madhya Pradesh,2019,105.35,95.91,2258.46,2519.89,Central,15.4,82231597,575554
Madhya Pradesh,2020,107.35,99.71,2544.71,2519.89,Central,20.31,83373826,564514
Madhya Pradesh,2021,107.35,99.71,2717.95,2519.89,Central,23.98,84515948,596584
Madhya Pradesh,2022,131.33,99.71,2717.95,2519.89,Central,15.4,85547868,628653
Madhya Pradesh,2023,134.94,123.71,5905.08,2844.29,Central,15.4,86578810,660722
Madhya Pradesh,2024,134.94,123.71,7098.37,2844.29,Central,15.4,87610397,659193.375
Maharashtra,2006,76,209.33,0,1487.7,West,0,105233932,388611
Maharashtra,2007,114,211.33,0,1755.9,West,0,106708138,427818
Maharashtra,2008,185.5,211.33,0,1938.9,West,0,108153780,442320
Maharashtra,2009,218.5,245.33,0,2077.75,West,0,109570856,480335
Maharashtra,2010,403,275.13,4,2316.75,West,0,110959368,507190
Maharashtra,2011,603.7,281.33,20,2733.3,West,0,112374333,1280369
Maharashtra,2012,756.9,299.93,100,3021.85,West,0,113645231,1357942
Maharashtra,2013,940.4,327.43,249.25,4100.4,West,0,114915349,1451615
Maharashtra,2014,1033.4,335.43,360.75,4446,West,0,116186213,1543165
Maharashtra,2015,1220.78,339.88,385.76,4654.15,West,0,117456423,1654284
Maharashtra,2016,2065,346.18,452.37,4771.33,West,0,118727379,1807046
Maharashtra,2017,2186.4,373.18,1239.18,4783.93,West,0,119869326,1888706
Maharashtra,2018,2516.1,375.57,1633.54,4794.13,West,12.59,121011272,1972960
Maharashtra,2019,2516.1,379.58,1801.8,5000.33,West,12.59,122153224,2043983
Maharashtra,2020,2584.4,379.58,2323.79,5000.33,West,47.75,123295360,1889307
Maharashtra,2021,2584.4,381.08,2631.02,5012.83,West,47.75,124437344,1931895
Maharashtra,2022,2632.15,381.08,2631.02,5012.83,West,35.16,125411303,1974483
Maharashtra,2023,2640.69,381.08,12757.5,5012.83,West,43.7,126385375,2017070
Maharashtra,2024,2643.19,382.28,14483.12,5207.98,West,46.2,127360459,2011148
Manipur,2006,0,5.45,0,0,North-East,0,2695183,4283
Manipur,2007,0,5.45,0,0,North-East,0,2727490,4573
Manipur,2008,0,5.45,0,0,North-East,0,2759644,4899
Manipur,2009,0,5.45,0,0,North-East,0,2791643,5201
Manipur,2010,0,5.45,0,0,North-East,0,2823487,5509
Manipur,2011,0,5.45,0,0,North-East,0,2855794,12915
Manipur,2012,0,5.45,0,0,North-East,0,2886765,12993
Manipur,2013,0,5.45,0,0,North-East,0,2917778,14115
Manipur,2014,0,5.45,0,0,North-East,0,2948779,15245
Manipur,2015,0,5.45,0,0,North-East,0,2979799,16424
Manipur,2016,0,5.45,0.03,0,North-East,0,3011804,17082
Manipur,2017,0,5.45,0.06,0,North-East,0,3041832,18751
Manipur,2018,0,5.45,3.44,0,North-East,0,3072813,18262
Manipur,2019,0,5.45,5.16,0,North-East,0,3102810,20126
Manipur,2020,0,5.45,11.39,0,North-East,0,3133766,20767
Manipur,2021,0,5.45,12.25,0,North-East,0,3164794,21752
Manipur,2022,0,5.449999809,12.24873066,0,North-East,0,3193812,22676
Manipur,2023,0,5.449999809,12.24873066,0,North-East,0,3222799,23600
Manipur,2024,0,5.449999809,12.24873066,0,North-East,0,3252823,23546.04688
Meghalaya,2006,0,30.71,0,0,North-East,0,2799590,5508
Meghalaya,2007,0,31.03,0,0,North-East,0,2833274,5971
Meghalaya,2008,0,31.03,0,0,North-East,0,2866786,6459
Meghalaya,2009,0,31.03,0,0,North-East,0,2900125,7406
Meghalaya,2010,0,31.03,0,0,North-East,0,2933293,8254
Meghalaya,2011,0,31.03,0,0,North-East,0,2966889,19918
Meghalaya,2012,0,31.03,0,0,North-East,0,2998848,20354
Meghalaya,2013,0,31.03,0,0,North-East,0,3031866,20726
Meghalaya,2014,0,31.03,0,0,North-East,0,3063844,20140
Meghalaya,2015,0,31.03,0,0,North-East,0,3095894,20638
Meghalaya,2016,0,31.03,0.01,0,North-East,0,3128878,21730
Meghalaya,2017,13.8,31.03,0.02,0,North-East,0,3160908,22564
Meghalaya,2018,13.8,32.53,0.12,0,North-East,0,3191887,23719
Meghalaya,2019,13.8,32.53,0.12,0,North-East,0,3223887,25190
Meghalaya,2020,13.8,32.53,3.85,0,North-East,0,3255863,23297
Meghalaya,2021,13.8,32.53,4.15,0,North-East,0,3287880,24364
Meghalaya,2022,0,0,0,0,North-East,0,3317918,25431
Meghalaya,2023,0,0,0,0,North-East,0,3348854,26500
Meghalaya,2024,0,0,0,0,North-East,0,3378892,26408.68164
Mizoram,2006,0,17.47,0,0,North-East,0,1035100,2286
Mizoram,2007,0,17.47,0,0,North-East,0,1047622,2449
Mizoram,2008,0,17.47,0,0,North-East,0,1060076,2620
Mizoram,2009,0,36.47,0,0,North-East,0,1072460,2953
Mizoram,2010,0,36.74,0,0,North-East,0,1084777,3287
Mizoram,2011,0,36.47,0,0,North-East,0,1097206,7259
Mizoram,2012,0,36.47,0,0,North-East,0,1109208,7778
Mizoram,2013,0,36.47,0,0,North-East,0,1121199,9038
Mizoram,2014,0,36.47,0,0,North-East,0,1133185,11261
Mizoram,2015,0,36.47,0.1,0,North-East,0,1145192,12324
Mizoram,2016,0,41.47,0.1,0,North-East,0,1157202,13595
Mizoram,2017,0,36.47,0.2,0,North-East,0,1169190,14758
Mizoram,2018,0,36.47,0.5,0,North-East,0,1181196,16100
Mizoram,2019,0,36.47,1.52,0,North-East,0,1192187,18080
Mizoram,2020,0,36.47,6.98,0,North-East,0,1204198,20436
Mizoram,2021,0,36.47,7.9,0,North-East,0,1216184,22213
Mizoram,2022,0,36.47021866,7.898762703,0,North-East,0,1227202,24090
Mizoram,2023,0,36.47021866,7.898762703,0,North-East,0,1238188,25967
Mizoram,2024,0,36.47021866,7.898762703,0,North-East,0,1250181,25893.20313
Nagaland,2006,0,20.67,0,0,North-East,0,1867084,4850
Nagaland,2007,0,28.67,0,0,North-East,0,1889472,4850
Nagaland,2008,0,28.67,0,0,North-East,0,1911749,5263
Nagaland,2009,0,28.67,0,0,North-East,0,1933915,5676
Nagaland,2010,0,28.67,0,0,North-East,0,1955970,6089
Nagaland,2011,0,28.67,0,0,North-East,0,1978502,12177
Nagaland,2012,0,28.67,0,0,North-East,0,1999506,12868
Nagaland,2013,0,29.67,0,0,North-East,0,2021497,13793
Nagaland,2014,0,29.67,0,0,North-East,0,2042522,14399
Nagaland,2015,0,30.67,0,0,North-East,0,2064521,14660
Nagaland,2016,0,30.67,0.5,0,North-East,0,2085516,15650
Nagaland,2017,0,30.67,1,0,North-East,0,2107519,16440
Nagaland,2018,0,30.67,1,0,North-East,0,2128522,16868
Nagaland,2019,0,30.67,1,0,North-East,0,2149533,18154
Nagaland,2020,0,30.67,2.91,0,North-East,0,2170538,17772
Nagaland,2021,0,30.67,3.04,0,North-East,0,2191530,18940
Nagaland,2022,0,0,0,0,North-East,0,2212529,19605
Nagaland,2023,0,0,0,0,North-East,0,2232548,20271
Nagaland,2024,0,0,0,0,North-East,0,2252573,20233.34961
Odisha,2006,0,7.3,0,3.2,East,0,39699197,70216
Odisha,2007,0,32.3,0,3.2,East,0,40172184,78082
Odisha,2008,0,32.3,0,3.2,East,0,40634466,83274
Odisha,2009,0,64.3,0,0,East,0,41086042,90229
Odisha,2010,0,64.3,0,0,East,0,41526913,96758
Odisha,2011,20,64.3,13,0,East,0,41974218,230987
Odisha,2012,20,64.3,13,0,East,0,42372950,243363
Odisha,2013,20,64.63,30.5,0,East,0,42771179,265892
Odisha,2014,20,64.63,31.76,0,East,0,43170110,270665
Odisha,2015,20,64.63,66.92,0,East,0,43568091,292229
Odisha,2016,50.4,64.63,79.42,0,East,0,43966138,337348
Odisha,2017,59.22,64.63,79.57,0,East,0,44312222,361658
Odisha,2018,59.22,64.63,394.73,0,East,0,44658075,386799
Odisha,2019,59.22,64.63,397.84,0,East,0,45004105,410261
Odisha,2020,59.22,88.63,425.53,0,East,0,45350234,388328
Odisha,2021,59.22,106.63,451.24,0,East,0,45696240,427593
Odisha,2022,59.2196579,106.6287384,451.2387085,0.00011081,East,0,45987252,466857
Odisha,2023,59.2196579,106.6287384,451.2387085,0.00011081,East,0,46276133,506121
Odisha,2024,59.2196579,106.6287384,451.2387085,0.00011081,East,0,46566109,504537.0313
Puducherry,2006,0,0,0.02,0,South,0,1111083,5864
Puducherry,2007,0,0,0.02,0,South,0,1137421,7321
Puducherry,2008,0,0,0.02,0,South,0,1164393,8110
Puducherry,2009,0,0,0.03,0,South,0,1192000,9059
Puducherry,2010,0,0,0.79,0,South,0,1220241,10182
Puducherry,2011,0,0,0.03,0,South,0,1247953,16818
Puducherry,2012,0,0,0.03,0,South,0,1278953,17310
Puducherry,2013,0,0,0.03,0,South,0,1309945,19170
Puducherry,2014,0,0,0.03,0,South,0,1339944,18207
Puducherry,2015,0,0,0.03,0,South,0,1370941,19060
Puducherry,2016,0,0,0.08,0,South,0,1401939,20474
Puducherry,2017,0,0,0.16,0,South,0,1435936,22318
Puducherry,2018,0,0,3.14,0,South,0,1469933,25984
Puducherry,2019,0,0,5.51,0,South,0,1503927,26125
Puducherry,2020,0,0,9.51,0,South,0,1536922,25576
Puducherry,2021,0,0,13.69,0,South,0,1570923,27382
Puducherry,2022,0,0,13.68867111,0,South,0,1607915,28524
Puducherry,2023,0,0,13.68867111,0,South,0,1645912,29665
Puducherry,2024,0,0,13.68867111,0,South,0,1682909,29579.64844
Punjab,2006,28,123.9,0.32,0,North,0,26127649,91299
Punjab,2007,28,123.9116812,0.32,0,North,0,26464511,97577
Punjab,2008,28,123.9,0.32,0,North,0,26793156,103826
Punjab,2009,62.5,132.55,1.33,0,North,0,27113584,110775
Punjab,2010,74.5,154.5,2.33,0,North,0,27425795,117039
Punjab,2011,90.5,154.5,9.33,0,North,0,27743338,266628
Punjab,2012,124.5,154.5,9.33,0,North,0,28023343,280823
Punjab,2013,140.5,156.2,16.85,0,North,0,28302317,299450
Punjab,2014,140.5,157.4,185.27,0,North,0,28581358,312125
Punjab,2015,155.5,170.9,405.06,0,North,0,28861351,330052
Punjab,2016,179,170.9,793.95,0,North,0,29140298,352721
Punjab,2017,317.1,173.55,905.62,0,North,0,29380312,375406
Punjab,2018,317.1,173.55,905.62,0,North,9.25,29619321,397019
Punjab,2019,317.1,173.55,947.1,0,North,10.75,29859333,411646
Punjab,2020,473.45,173.55,982.3,0,North,18.2,30099332,395894
Punjab,2021,473.45,176.1,1100.07,0,North,18.2,30339348,410547
Punjab,2022,473.4493103,176.0987396,1100.068848,0,North,18.199312210083008,30535410,425200
Punjab,2023,473.4493103,176.0987396,1100.068848,0,North,18.199312210083008,30730349,439853
Punjab,2024,473.4493103,176.0987396,1100.068848,0,North,18.199312210083008,30926357,438706.4063
Rajasthan,2006,23.3,23.85,0.15,469.8,West,0,62161867,124339
Rajasthan,2007,23.3,23.85,0.15,538.8,West,0,63483578,135654
Rajasthan,2008,31.3,23.85,0.15,738.4,West,0,64778915,144568
Rajasthan,2009,31.3,23.85,0.15,1088.3,West,0,66047876,148200
Rajasthan,2010,73.3,23.85,5.15,1525,West,0,67290463,158315
Rajasthan,2011,83.3,23.85,197.65,2070.65,West,0,68548437,434837
Rajasthan,2012,91.3,23.85,552.9,2684.65,West,0,69687322,454564
Rajasthan,2013,101.3,23.85,730.1,2784.9,West,0,70825299,486230
Rajasthan,2014,111.3,23.85,942.1,3309,West,0,71963414,521509
Rajasthan,2015,108.3,23.85,1269.93,3993.95,West,0,73102258,563340
Rajasthan,2016,119.3,23.85,1812.93,4281.72,West,0,74240590,596746
Rajasthan,2017,121.3,23.85,2332.77,4297.72,West,0,75248461,628020
Rajasthan,2018,121.3,23.85,3226.79,4299.72,West,0,76256452,642929
Rajasthan,2019,121.3,23.85,5137.91,4299.72,West,0,77264559,679564
Rajasthan,2020,121.25,23.85,5925.6,4326.82,West,3.83,78273496,660118
Rajasthan,2021,121.25,23.85,12564.87,4326.82,West,3.83,79281418,697081
Rajasthan,2022,121.2505035,23.85000038,12564.86719,4326.818848,West,3.829235792,80153513,734044
Rajasthan,2023,121.2505035,23.85000038,12564.86719,4326.818848,West,3.829235792,81025426,771007
Rajasthan,2024,121.2505035,23.85000038,12564.86719,4326.818848,West,3.829235792,81897401,769105.625
Sikkim,2006,0,39.11,0,0,North-East,0,575898,1514
Sikkim,2007,0,39.11,0,0,North-East,0,582830,1626
Sikkim,2008,0,39.11,0,0,North-East,0,589721,1756
Sikkim,2009,0,47.11,0,0,North-East,0,596572,1995
Sikkim,2010,0,52.11,0,0,North-East,0,603381,2234
Sikkim,2011,0,52.11,0,0,North-East,0,610577,11165
Sikkim,2012,0,52.11,0,0,North-East,0,616544,11421
Sikkim,2013,0,52.11,0,0,North-East,0,623514,12114
Sikkim,2014,0,52.11,0,0,North-East,0,630475,13071
Sikkim,2015,0,52.11,0,0,North-East,0,636424,14370
Sikkim,2016,0,52.11,0,0,North-East,0,643390,15397
Sikkim,2017,0,52.11,0,0,North-East,0,649343,17673
Sikkim,2018,0,52.11,0.01,0,North-East,0,656307,18625
Sikkim,2019,0,52.11,0.07,0,North-East,0,663256,19700
Sikkim,2020,0,52.11,1.94,0,North-East,0,669215,20434
Sikkim,2021,0,52.11,4.68,0,North-East,0,676155,21699
Sikkim,2022,0,52.10987091,4.678801537,0,North-East,0,682119,22964
Sikkim,2023,0,52.10987091,4.678801537,0,North-East,0,688071,24229
Sikkim,2024,0,52.10987091,4.678801537,0,North-East,0,694024,24169.50586
Tamil Nadu,2006,215.5,89.7,0.05,3492.79,South,0,68969174,209302
Tamil Nadu,2007,290.5,89.7,0.05,3873.4,South,0,69652087,218538
Tamil Nadu,2008,333.7,89.7,0.05,4304.5,South,0,70307771,228479
Tamil Nadu,2009,395.7,90.05,0.05,4906.72,South,0,70936225,241122
Tamil Nadu,2010,488.2,96.55,5.05,5904.12,South,0,71537449,250711
Tamil Nadu,2011,532.7,123.05,15.05,6987.58,South,0,72147030,751486
Tamil Nadu,2012,538.7,123.05,17.11,7162.18,South,0,72645145,791824
Tamil Nadu,2013,571.3,123.05,98.36,7269.5,South,0,73141985,851976
Tamil Nadu,2014,662.3,123.05,142.58,7455,South,0,73640080,893915
Tamil Nadu,2015,641.9,123.05,1061.82,7613.86,South,0,74137073,967562
Tamil Nadu,2016,878,123.05,1691.83,7861.46,South,0,74635126,1036762
Tamil Nadu,2017,954.55,123.05,1908.57,8197.09,South,0,74989099,1125793
Tamil Nadu,2018,997.55,123.05,2575.22,8968.91,South,6.4,75342082,1204667
Tamil Nadu,2019,997.55,123.05,3915.88,9304.34,South,6.4,75695060,1278559
Tamil Nadu,2020,1012.65,123.05,4527.47,9608.04,South,27.26,76049061,1296659
Tamil Nadu,2021,1012.65,123.05,5067.18,9866.37,South,30.05,76402158,1364176
Tamil Nadu,2022,1012.649475,123.0498657,5067.178711,9866.366211,South,30.048791885375977,76631155,1431694
Tamil Nadu,2023,1012.649475,123.0498657,5067.178711,9866.366211,South,30.048791885375977,76860096,1499211
Tamil Nadu,2024,1012.649475,123.0498657,5067.178711,9866.366211,South,30.048791885375977,77089106,1495971
Telangana,2006,124.6720256,74.01690215,0.041384905,50.65512342,South,0,33222338,360503.125
Telangana,2007,138.3290441,74.83632326,0.041384905,50.69650832,South,0,33583943,360503.125
Telangana,2008,142.1778403,74.83632326,0.041384905,50.69650832,South,0,33935373,360503.125
Telangana,2009,150.3306665,77.31941755,0.041384905,50.69650832,South,0,34276628,360503.125
Telangana,2010,150.3306665,79.22312317,0.869083,79.2520926,South,0,34607709,360503.125
Telangana,2011,150.3306665,90.14873802,9.001216784,101.6206336,South,0,34953587,359434
Telangana,2012,157.5730248,90.64535688,9.66337526,185.2595261,South,0,35239570,370113
Telangana,2014,0,0,61.25,0,South,0,35812161,416332
Telangana,2015,0,0,527.84,77.7,South,0,36098814,464542
Telangana,2016,158.1,0,1286.98,100.8,South,0,36385522,507946
Telangana,2017,159.1,90.87,3291.25,100.8,South,0,36632112,557410
Telangana,2018,159.1,90.87,3592.09,128.1,South,18.5,36879672,608401
Telangana,2019,159.1,90.87,3620.75,128.1,South,26,37127114,638682
Telangana,2020,160.1,90.87,3961.54,128.1,South,50.38,37374506,616369
Telangana,2021,160.1,90.87,4520.48,128.1,South,59.64,37620985,684627
Telangana,2022,160.0995789,90.86991119,4520.478516,128.0997925,South,59.63872528,37797405,719483
Telangana,2023,160.0995789,90.86991119,4520.478516,128.0997925,South,59.63872528,37974754,754339
Telangana,2024,160.0995789,90.86991119,4520.478516,128.0997925,South,59.63872528,38151079,752994.5
Tripura,2006,0,16.01,0,0,North-East,0,3466926,8019
Tripura,2007,0,16.01,0,0,North-East,0,3508598,8350
Tripura,2008,0,16.01,0,0,North-East,0,3550063,8019
Tripura,2009,0,16.01,0,0,North-East,0,3591321,8683
Tripura,2010,0,16.01,0,0,North-East,0,3632371,9343
Tripura,2011,0,16.01,0,0,North-East,0,3673917,19208
Tripura,2012,0,16.01,0,0,North-East,0,3713934,20873
Tripura,2013,0,16.01,0,0,North-East,0,3753973,22819
Tripura,2014,0,16.01,5,0,North-East,0,3793998,26965
Tripura,2015,0,16.01,5,0,North-East,0,3834018,26787
Tripura,2016,0,16.01,5.09,0,North-East,0,3874064,30538
Tripura,2017,0,16.01,5.09,0,North-East,0,3914072,33093
Tripura,2018,0,16.01,5.09,0,North-East,0,3953109,36754
Tripura,2019,0,16.01,9.41,0,North-East,0,3992143,40207
Tripura,2020,0,16.01,13.56,0,North-East,0,4032182,41799
Tripura,2021,0,16.01,14.89,0,North-East,0,4071208,45290
Tripura,2022,0,16.01000023,14.88874149,0,North-East,0,4109233,48781
Tripura,2023,0,16.01000023,14.88874149,0,North-East,0,4147268,52272
Tripura,2024,0,16.01000023,14.88874149,0,North-East,0,4184280,52136.26563
Uttar Pradesh,2006,121.5,25.1,0.38,0,North,0,181163855,239070
Uttar Pradesh,2007,200.5,25.1,0.38,0,North,0,185011288,258067
Uttar Pradesh,2008,372.5,25.1,0.38,0,North,0,188779396,276677
Uttar Pradesh,2009,567,25.1,0.38,0,North,0,192468179,294836
Uttar Pradesh,2010,592.5,25.1,0.38,0,North,0,196077639,313640
Uttar Pradesh,2011,644.5,25.1,12.38,0,North,0,199812341,724050
Uttar Pradesh,2012,776.5,25.1,17.38,0,North,0,203067243,758205
Uttar Pradesh,2013,776.5,25.1,21.08,0,North,0,206322112,802070
Uttar Pradesh,2014,888.5,25.1,71.26,0,North,0,209577239,834432
Uttar Pradesh,2015,870,25.1,143.5,0,North,0,212832274,908241
Uttar Pradesh,2016,1933,25.1,336.73,0,North,0,216087225,1011500
Uttar Pradesh,2017,2115.51,25.1,694.41,0,North,0,219051592,1056399
Uttar Pradesh,2018,2115.51,25.1,960.1,0,North,0,222015356,1101609
Uttar Pradesh,2019,2115.51,25.1,1095.1,0,North,0,224979377,1137626
Uttar Pradesh,2020,2117.26,49.1,1836.27,0,North,58.84,227943310,1089612
Uttar Pradesh,2021,2117.26,49.1,2244.43,0,North,72.73,230907481,1109878
Uttar Pradesh,2022,2117.259521,49.09936142,2244.428711,0,North,72.72886658,233297127,1130145
Uttar Pradesh,2023,2117.259521,49.09936142,2244.428711,0,North,72.72886658,235687425,1150411
Uttar Pradesh,2024,2117.259521,49.09936142,2244.428711,0,North,72.72886658,238078417,1147555
Uttarakhand,2006,0,75.67,0.05,0,North,0,9376091,23103
Uttarakhand,2007,0,105.12,0.05,0,North,0,9520148,25482
Uttarakhand,2008,0,105.12,0.05,0,North,0,9662834,26968
Uttarakhand,2009,0,132.92,0.05,0,North,0,9804149,29507
Uttarakhand,2010,10,134.62,0.05,0,North,0,9944095,31440
Uttarakhand,2011,10,170.82,5.05,0,North,0,10086292,115328
Uttarakhand,2012,10,174.82,5.05,0,North,0,10219953,123710
Uttarakhand,2013,30,174.82,5.05,0,North,0,10354275,134182
Uttarakhand,2014,30,209.32,5,0,North,0,10487268,141278
Uttarakhand,2015,76,209.33,41.15,0,North,0,10621186,152699
Uttarakhand,2016,73,209.32,233.49,0,North,0,10755289,167703
Uttarakhand,2017,130.5,214.32,260.08,0,North,0,10884213,180956
Uttarakhand,2018,130.5,214.32,306.75,0,North,0,11013269,186048
Uttarakhand,2019,130.5,214.32,315.9,0,North,0,11141303,188236
Uttarakhand,2020,130.22,214.32,380.13,0,North,9.22,11270390,175910
Uttarakhand,2021,130.22,218.82,573.54,0,North,9.22,11399520,181984
Uttarakhand,2022,130.2205658,218.8189545,573.5387573,0,North,9.219246864,11518343,188059
Uttarakhand,2023,130.2205658,218.8189545,573.5387573,0,North,9.219246864,11637436,194134
Uttarakhand,2024,130.2205658,218.8189545,573.5387573,0,North,9.219246864,11755469,193652.6719
West Bengal,2006,0,98.4,0.05,1.1,East,0,86752089,204948
West Bengal,2007,0,98.4,0.05,0,East,0,87706502,222683
West Bengal,2008,0,98.4,0.05,0,East,0,88632405,236806
West Bengal,2009,16,98.4,1.15,4.3,East,0,89529797,253408
West Bengal,2010,16,98.4,1.15,4.3,East,0,90398680,269266
West Bengal,2011,16,98.4,2.05,4.3,East,0,91276115,520485
West Bengal,2012,26,98.4,2.05,0,East,0,92036859,542191
West Bengal,2013,26,98.4,7.05,0,East,0,92796928,558497
West Bengal,2014,26,98.5,7.21,0,East,0,93557966,574364
West Bengal,2015,26,98.5,7.77,0,East,0,94317975,609545
West Bengal,2016,300,98.5,26.14,0,East,0,95079005,653416
West Bengal,2017,319.92,98.5,37.32,0,East,0,95688123,694980
West Bengal,2018,319.92,98.5,75.95,0,East,0,96297082,739082
West Bengal,2019,319.92,98.5,114.46,0,East,0,96906035,784424
West Bengal,2020,319.92,98.5,162.65,0,East,1.17,97516138,792720
West Bengal,2021,319.92,98.5,166,0,East,2.53,98124996,812527
West Bengal,2022,319.9197083,98.49974823,165.9987488,0.000187488,East,2.528870106,98604137,832333
West Bengal,2023,319.9197083,98.49974823,165.9987488,0.000187488,East,2.528870106,99084008,852139
West Bengal,2024,319.9197083,98.49974823,165.9987488,0.000187488,East,2.528870106,99563100,850812.125
